-- MySQL dump 10.13  Distrib 8.0.41, for Win64 (x86_64)
--
-- Host: localhost    Database: bookstore
-- ------------------------------------------------------
-- Server version	8.0.41

/*!40101 SET @OLD_CHARACTER_SET_CLIENT=@@CHARACTER_SET_CLIENT */;
/*!40101 SET @OLD_CHARACTER_SET_RESULTS=@@CHARACTER_SET_RESULTS */;
/*!40101 SET @OLD_COLLATION_CONNECTION=@@COLLATION_CONNECTION */;
/*!50503 SET NAMES utf8mb4 */;
/*!40103 SET @OLD_TIME_ZONE=@@TIME_ZONE */;
/*!40103 SET TIME_ZONE='+00:00' */;
/*!40014 SET @OLD_UNIQUE_CHECKS=@@UNIQUE_CHECKS, UNIQUE_CHECKS=0 */;
/*!40014 SET @OLD_FOREIGN_KEY_CHECKS=@@FOREIGN_KEY_CHECKS, FOREIGN_KEY_CHECKS=0 */;
/*!40101 SET @OLD_SQL_MODE=@@SQL_MODE, SQL_MODE='NO_AUTO_VALUE_ON_ZERO' */;
/*!40111 SET @OLD_SQL_NOTES=@@SQL_NOTES, SQL_NOTES=0 */;

--
-- Table structure for table `address`
--

DROP TABLE IF EXISTS `address`;
/*!40101 SET @saved_cs_client     = @@character_set_client */;
/*!50503 SET character_set_client = utf8mb4 */;
CREATE TABLE `address` (
  `address_id` int NOT NULL,
  `street` varchar(255) DEFAULT NULL,
  `city` varchar(255) DEFAULT NULL,
  `zip_code` varchar(255) DEFAULT NULL,
  `country_id` int DEFAULT NULL,
  PRIMARY KEY (`address_id`),
  KEY `country_id` (`country_id`),
  CONSTRAINT `address_ibfk_1` FOREIGN KEY (`country_id`) REFERENCES `country` (`country_id`)
) ENGINE=InnoDB DEFAULT CHARSET=utf8mb4 COLLATE=utf8mb4_0900_ai_ci;
/*!40101 SET character_set_client = @saved_cs_client */;

--
-- Dumping data for table `address`
--

LOCK TABLES `address` WRITE;
/*!40000 ALTER TABLE `address` DISABLE KEYS */;
INSERT INTO `address` VALUES (1,'123 Nairobi Rd','Nairobi','00100',1),(2,'456 Mombasa Ave','Mombasa','80100',1),(3,'789 Kisumu Rd','Kisumu','40100',1),(4,'101 Eldoret St','Eldoret','30100',1),(5,'202 Nakuru Ln','Nakuru','20100',1);
/*!40000 ALTER TABLE `address` ENABLE KEYS */;
UNLOCK TABLES;

--
-- Table structure for table `address_status`
--

DROP TABLE IF EXISTS `address_status`;
/*!40101 SET @saved_cs_client     = @@character_set_client */;
/*!50503 SET character_set_client = utf8mb4 */;
CREATE TABLE `address_status` (
  `status_id` int NOT NULL,
  `name` varchar(255) DEFAULT NULL,
  PRIMARY KEY (`status_id`)
) ENGINE=InnoDB DEFAULT CHARSET=utf8mb4 COLLATE=utf8mb4_0900_ai_ci;
/*!40101 SET character_set_client = @saved_cs_client */;

--
-- Dumping data for table `address_status`
--

LOCK TABLES `address_status` WRITE;
/*!40000 ALTER TABLE `address_status` DISABLE KEYS */;
INSERT INTO `address_status` VALUES (1,'Active'),(2,'Inactive');
/*!40000 ALTER TABLE `address_status` ENABLE KEYS */;
UNLOCK TABLES;

--
-- Table structure for table `author`
--

DROP TABLE IF EXISTS `author`;
/*!40101 SET @saved_cs_client     = @@character_set_client */;
/*!50503 SET character_set_client = utf8mb4 */;
CREATE TABLE `author` (
  `author_id` int NOT NULL AUTO_INCREMENT,
  `name` varchar(255) DEFAULT NULL,
  PRIMARY KEY (`author_id`)
) ENGINE=InnoDB AUTO_INCREMENT=16 DEFAULT CHARSET=utf8mb4 COLLATE=utf8mb4_0900_ai_ci;
/*!40101 SET character_set_client = @saved_cs_client */;

--
-- Dumping data for table `author`
--

LOCK TABLES `author` WRITE;
/*!40000 ALTER TABLE `author` DISABLE KEYS */;
INSERT INTO `author` VALUES (1,'James Clear'),(2,'Michelle Obama'),(3,'Jack Ludlow'),(4,'Napoleon Hill'),(5,'Carol S. Dweck'),(6,'Paulo Coelho'),(7,'Mark Manson'),(8,'Brené Brown'),(9,'Eckhart Tolle'),(10,'Rick Hanson'),(11,'Philip Ball'),(12,'Garry Kasparov'),(13,'Ethan Wu'),(14,'Greg Orme'),(15,'Meredith Broussard');
/*!40000 ALTER TABLE `author` ENABLE KEYS */;
UNLOCK TABLES;

--
-- Table structure for table `book`
--

DROP TABLE IF EXISTS `book`;
/*!40101 SET @saved_cs_client     = @@character_set_client */;
/*!50503 SET character_set_client = utf8mb4 */;
CREATE TABLE `book` (
  `book_id` int NOT NULL AUTO_INCREMENT,
  `title` varchar(255) DEFAULT NULL,
  `publisher_id` int DEFAULT NULL,
  `language_id` int DEFAULT NULL,
  `price` decimal(10,2) DEFAULT NULL,
  `isbn` varchar(255) DEFAULT NULL,
  `stock_quantity` int DEFAULT NULL,
  PRIMARY KEY (`book_id`),
  KEY `publisher_id` (`publisher_id`),
  KEY `language_id` (`language_id`),
  CONSTRAINT `book_ibfk_1` FOREIGN KEY (`publisher_id`) REFERENCES `publisher` (`publisher_id`),
  CONSTRAINT `book_ibfk_2` FOREIGN KEY (`language_id`) REFERENCES `book_language` (`language_id`)
) ENGINE=InnoDB AUTO_INCREMENT=16 DEFAULT CHARSET=utf8mb4 COLLATE=utf8mb4_0900_ai_ci;
/*!40101 SET character_set_client = @saved_cs_client */;

--
-- Dumping data for table `book`
--

LOCK TABLES `book` WRITE;
/*!40000 ALTER TABLE `book` DISABLE KEYS */;
INSERT INTO `book` VALUES (1,'Atomic Habits',1,1,NULL,NULL,NULL),(2,'The Light We Carry',2,1,NULL,NULL,NULL),(3,'Echoes of War',3,1,NULL,NULL,NULL),(4,'Think and Grow Rich',4,1,NULL,NULL,NULL),(5,'Mindset',5,1,NULL,NULL,NULL),(6,'Alchemist',6,5,NULL,NULL,NULL),(7,'The Subtle Art of Not Giving a F*ck',6,1,NULL,NULL,NULL),(8,'Daring Greatly',7,1,NULL,NULL,NULL),(9,'The Power of Now',8,1,NULL,NULL,NULL),(10,'Resilient',9,1,NULL,NULL,NULL),(11,'The Book of Minds',10,1,NULL,NULL,NULL),(12,'Deep Thinking',11,1,NULL,NULL,NULL),(13,'Quantum Supremacy',12,1,NULL,NULL,NULL),(14,'The Human Edge',13,1,NULL,NULL,NULL),(15,'Code Dependent',12,1,NULL,NULL,NULL);
/*!40000 ALTER TABLE `book` ENABLE KEYS */;
UNLOCK TABLES;

--
-- Table structure for table `book_author`
--

DROP TABLE IF EXISTS `book_author`;
/*!40101 SET @saved_cs_client     = @@character_set_client */;
/*!50503 SET character_set_client = utf8mb4 */;
CREATE TABLE `book_author` (
  `book_id` int NOT NULL,
  `author_id` int NOT NULL,
  PRIMARY KEY (`author_id`,`book_id`),
  KEY `book_id` (`book_id`),
  CONSTRAINT `book_author_ibfk_1` FOREIGN KEY (`author_id`) REFERENCES `author` (`author_id`)
) ENGINE=InnoDB DEFAULT CHARSET=utf8mb4 COLLATE=utf8mb4_0900_ai_ci;
/*!40101 SET character_set_client = @saved_cs_client */;

--
-- Dumping data for table `book_author`
--

LOCK TABLES `book_author` WRITE;
/*!40000 ALTER TABLE `book_author` DISABLE KEYS */;
INSERT INTO `book_author` VALUES (1,1),(2,2),(3,3),(4,4),(5,5),(6,6),(7,7),(8,8),(9,9),(10,10),(11,11),(12,12),(13,13),(14,14),(15,15);
/*!40000 ALTER TABLE `book_author` ENABLE KEYS */;
UNLOCK TABLES;

--
-- Table structure for table `book_language`
--

DROP TABLE IF EXISTS `book_language`;
/*!40101 SET @saved_cs_client     = @@character_set_client */;
/*!50503 SET character_set_client = utf8mb4 */;
CREATE TABLE `book_language` (
  `language_id` int NOT NULL,
  `name` varchar(255) DEFAULT NULL,
  PRIMARY KEY (`language_id`)
) ENGINE=InnoDB DEFAULT CHARSET=utf8mb4 COLLATE=utf8mb4_0900_ai_ci;
/*!40101 SET character_set_client = @saved_cs_client */;

--
-- Dumping data for table `book_language`
--

LOCK TABLES `book_language` WRITE;
/*!40000 ALTER TABLE `book_language` DISABLE KEYS */;
INSERT INTO `book_language` VALUES (1,'English'),(2,'Spanish'),(3,'French'),(4,'German'),(5,'Portuguese');
/*!40000 ALTER TABLE `book_language` ENABLE KEYS */;
UNLOCK TABLES;

--
-- Table structure for table `country`
--

DROP TABLE IF EXISTS `country`;
/*!40101 SET @saved_cs_client     = @@character_set_client */;
/*!50503 SET character_set_client = utf8mb4 */;
CREATE TABLE `country` (
  `country_id` int NOT NULL,
  `name` varchar(255) DEFAULT NULL,
  PRIMARY KEY (`country_id`)
) ENGINE=InnoDB DEFAULT CHARSET=utf8mb4 COLLATE=utf8mb4_0900_ai_ci;
/*!40101 SET character_set_client = @saved_cs_client */;

--
-- Dumping data for table `country`
--

LOCK TABLES `country` WRITE;
/*!40000 ALTER TABLE `country` DISABLE KEYS */;
INSERT INTO `country` VALUES (1,'Kenya');
/*!40000 ALTER TABLE `country` ENABLE KEYS */;
UNLOCK TABLES;

--
-- Table structure for table `cust_order`
--

DROP TABLE IF EXISTS `cust_order`;
/*!40101 SET @saved_cs_client     = @@character_set_client */;
/*!50503 SET character_set_client = utf8mb4 */;
CREATE TABLE `cust_order` (
  `order_id` int NOT NULL,
  `customer_id` int DEFAULT NULL,
  `order_date` date DEFAULT NULL,
  `ship_method_id` int DEFAULT NULL,
  `total_price` decimal(10,2) DEFAULT NULL,
  `status_id` int DEFAULT NULL,
  PRIMARY KEY (`order_id`),
  KEY `customer_id` (`customer_id`),
  KEY `ship_method_id` (`ship_method_id`),
  CONSTRAINT `cust_order_ibfk_1` FOREIGN KEY (`customer_id`) REFERENCES `customer` (`customer_id`),
  CONSTRAINT `cust_order_ibfk_2` FOREIGN KEY (`ship_method_id`) REFERENCES `shipping_method` (`ship_method_id`)
) ENGINE=InnoDB DEFAULT CHARSET=utf8mb4 COLLATE=utf8mb4_0900_ai_ci;
/*!40101 SET character_set_client = @saved_cs_client */;

--
-- Dumping data for table `cust_order`
--

LOCK TABLES `cust_order` WRITE;
/*!40000 ALTER TABLE `cust_order` DISABLE KEYS */;
INSERT INTO `cust_order` VALUES (1,1,'2025-04-13',1,15.99,1),(2,2,'2025-04-13',2,20.00,2),(3,3,'2025-04-13',1,25.00,3),(4,4,'2025-04-13',3,18.50,4),(5,5,'2025-04-13',1,22.00,5);
/*!40000 ALTER TABLE `cust_order` ENABLE KEYS */;
UNLOCK TABLES;

--
-- Table structure for table `customer`
--

DROP TABLE IF EXISTS `customer`;
/*!40101 SET @saved_cs_client     = @@character_set_client */;
/*!50503 SET character_set_client = utf8mb4 */;
CREATE TABLE `customer` (
  `customer_id` int NOT NULL,
  `first_name` varchar(255) DEFAULT NULL,
  `last_name` varchar(255) DEFAULT NULL,
  `email` varchar(255) DEFAULT NULL,
  PRIMARY KEY (`customer_id`)
) ENGINE=InnoDB DEFAULT CHARSET=utf8mb4 COLLATE=utf8mb4_0900_ai_ci;
/*!40101 SET character_set_client = @saved_cs_client */;

--
-- Dumping data for table `customer`
--

LOCK TABLES `customer` WRITE;
/*!40000 ALTER TABLE `customer` DISABLE KEYS */;
INSERT INTO `customer` VALUES (1,'Emmy','Doe','johndoe@email.com'),(2,'Stace','Smith','janesmith@email.com'),(3,'Eric','Johnson','alicejohnson@email.com'),(4,'Bob','Brown','bobbrown@email.com'),(5,'Charlie','Davis','charliedavis@email.com');
/*!40000 ALTER TABLE `customer` ENABLE KEYS */;
UNLOCK TABLES;

--
-- Table structure for table `customer_address`
--

DROP TABLE IF EXISTS `customer_address`;
/*!40101 SET @saved_cs_client     = @@character_set_client */;
/*!50503 SET character_set_client = utf8mb4 */;
CREATE TABLE `customer_address` (
  `customer_id` int NOT NULL,
  `address_id` int NOT NULL,
  `status_id` int DEFAULT NULL,
  PRIMARY KEY (`customer_id`,`address_id`),
  KEY `address_id` (`address_id`),
  KEY `status_id` (`status_id`),
  CONSTRAINT `customer_address_ibfk_1` FOREIGN KEY (`customer_id`) REFERENCES `customer` (`customer_id`),
  CONSTRAINT `customer_address_ibfk_2` FOREIGN KEY (`address_id`) REFERENCES `address` (`address_id`),
  CONSTRAINT `customer_address_ibfk_3` FOREIGN KEY (`status_id`) REFERENCES `address_status` (`status_id`)
) ENGINE=InnoDB DEFAULT CHARSET=utf8mb4 COLLATE=utf8mb4_0900_ai_ci;
/*!40101 SET character_set_client = @saved_cs_client */;

--
-- Dumping data for table `customer_address`
--

LOCK TABLES `customer_address` WRITE;
/*!40000 ALTER TABLE `customer_address` DISABLE KEYS */;
INSERT INTO `customer_address` VALUES (1,1,1),(2,2,1),(3,3,1),(4,4,1),(5,5,1);
/*!40000 ALTER TABLE `customer_address` ENABLE KEYS */;
UNLOCK TABLES;

--
-- Table structure for table `order_history`
--

DROP TABLE IF EXISTS `order_history`;
/*!40101 SET @saved_cs_client     = @@character_set_client */;
/*!50503 SET character_set_client = utf8mb4 */;
CREATE TABLE `order_history` (
  `history_id` int NOT NULL AUTO_INCREMENT,
  `order_id` int NOT NULL,
  `status_id` int NOT NULL,
  `changed_at` datetime DEFAULT CURRENT_TIMESTAMP,
  PRIMARY KEY (`history_id`),
  KEY `order_id` (`order_id`),
  KEY `status_id` (`status_id`),
  CONSTRAINT `order_history_ibfk_1` FOREIGN KEY (`order_id`) REFERENCES `order_line` (`order_id`),
  CONSTRAINT `order_history_ibfk_2` FOREIGN KEY (`status_id`) REFERENCES `order_status` (`status_id`)
) ENGINE=InnoDB AUTO_INCREMENT=6 DEFAULT CHARSET=utf8mb4 COLLATE=utf8mb4_0900_ai_ci;
/*!40101 SET character_set_client = @saved_cs_client */;

--
-- Dumping data for table `order_history`
--

LOCK TABLES `order_history` WRITE;
/*!40000 ALTER TABLE `order_history` DISABLE KEYS */;
INSERT INTO `order_history` VALUES (1,1,1,'2025-04-13 13:52:26'),(2,2,2,'2025-04-13 13:52:26'),(3,3,3,'2025-04-13 13:52:26'),(4,4,4,'2025-04-13 13:52:26'),(5,5,5,'2025-04-13 13:52:26');
/*!40000 ALTER TABLE `order_history` ENABLE KEYS */;
UNLOCK TABLES;

--
-- Table structure for table `order_line`
--

DROP TABLE IF EXISTS `order_line`;
/*!40101 SET @saved_cs_client     = @@character_set_client */;
/*!50503 SET character_set_client = utf8mb4 */;
CREATE TABLE `order_line` (
  `order_id` int NOT NULL,
  `book_id` int NOT NULL,
  `quantity` int DEFAULT NULL,
  `price` decimal(10,2) DEFAULT NULL,
  PRIMARY KEY (`order_id`,`book_id`),
  KEY `book_id` (`book_id`),
  CONSTRAINT `order_line_ibfk_1` FOREIGN KEY (`order_id`) REFERENCES `cust_order` (`order_id`),
  CONSTRAINT `order_line_ibfk_2` FOREIGN KEY (`book_id`) REFERENCES `book` (`book_id`)
) ENGINE=InnoDB DEFAULT CHARSET=utf8mb4 COLLATE=utf8mb4_0900_ai_ci;
/*!40101 SET character_set_client = @saved_cs_client */;

--
-- Dumping data for table `order_line`
--

LOCK TABLES `order_line` WRITE;
/*!40000 ALTER TABLE `order_line` DISABLE KEYS */;
INSERT INTO `order_line` VALUES (1,1,1,15.99),(2,2,1,20.00),(3,3,1,25.00),(4,4,1,18.50),(5,5,1,22.00);
/*!40000 ALTER TABLE `order_line` ENABLE KEYS */;
UNLOCK TABLES;

--
-- Table structure for table `order_status`
--

DROP TABLE IF EXISTS `order_status`;
/*!40101 SET @saved_cs_client     = @@character_set_client */;
/*!50503 SET character_set_client = utf8mb4 */;
CREATE TABLE `order_status` (
  `status_id` int NOT NULL,
  `status_name` varchar(225) NOT NULL,
  PRIMARY KEY (`status_id`)
) ENGINE=InnoDB DEFAULT CHARSET=utf8mb4 COLLATE=utf8mb4_0900_ai_ci;
/*!40101 SET character_set_client = @saved_cs_client */;

--
-- Dumping data for table `order_status`
--

LOCK TABLES `order_status` WRITE;
/*!40000 ALTER TABLE `order_status` DISABLE KEYS */;
INSERT INTO `order_status` VALUES (1,'Pending'),(2,'Shipped'),(3,'Delivered'),(4,'Cancelled'),(5,'Returned');
/*!40000 ALTER TABLE `order_status` ENABLE KEYS */;
UNLOCK TABLES;

--
-- Table structure for table `publisher`
--

DROP TABLE IF EXISTS `publisher`;
/*!40101 SET @saved_cs_client     = @@character_set_client */;
/*!50503 SET character_set_client = utf8mb4 */;
CREATE TABLE `publisher` (
  `publisher_id` int NOT NULL,
  `name` varchar(255) DEFAULT NULL,
  PRIMARY KEY (`publisher_id`)
) ENGINE=InnoDB DEFAULT CHARSET=utf8mb4 COLLATE=utf8mb4_0900_ai_ci;
/*!40101 SET character_set_client = @saved_cs_client */;

--
-- Dumping data for table `publisher`
--

LOCK TABLES `publisher` WRITE;
/*!40000 ALTER TABLE `publisher` DISABLE KEYS */;
INSERT INTO `publisher` VALUES (1,'Avery'),(2,'Crown Publishing'),(3,'Allison & Busby'),(4,'The Ralston Society'),(5,'Ballantine Books'),(6,'HarperOne'),(7,'Gotham Books'),(8,'New World Library'),(9,'Harmony'),(10,'University of Chicago Press'),(11,'PublicAffairs'),(12,'MIT Press'),(13,'Pearson Business');
/*!40000 ALTER TABLE `publisher` ENABLE KEYS */;
UNLOCK TABLES;

--
-- Table structure for table `shipping_method`
--

DROP TABLE IF EXISTS `shipping_method`;
/*!40101 SET @saved_cs_client     = @@character_set_client */;
/*!50503 SET character_set_client = utf8mb4 */;
CREATE TABLE `shipping_method` (
  `ship_method_id` int NOT NULL,
  `name` varchar(255) DEFAULT NULL,
  PRIMARY KEY (`ship_method_id`)
) ENGINE=InnoDB DEFAULT CHARSET=utf8mb4 COLLATE=utf8mb4_0900_ai_ci;
/*!40101 SET character_set_client = @saved_cs_client */;

--
-- Dumping data for table `shipping_method`
--

LOCK TABLES `shipping_method` WRITE;
/*!40000 ALTER TABLE `shipping_method` DISABLE KEYS */;
INSERT INTO `shipping_method` VALUES (1,'Standard Shipping'),(2,'Express Shipping'),(3,'Overnight Shipping');
/*!40000 ALTER TABLE `shipping_method` ENABLE KEYS */;
UNLOCK TABLES;
/*!40103 SET TIME_ZONE=@OLD_TIME_ZONE */;

/*!40101 SET SQL_MODE=@OLD_SQL_MODE */;
/*!40014 SET FOREIGN_KEY_CHECKS=@OLD_FOREIGN_KEY_CHECKS */;
/*!40014 SET UNIQUE_CHECKS=@OLD_UNIQUE_CHECKS */;
/*!40101 SET CHARACTER_SET_CLIENT=@OLD_CHARACTER_SET_CLIENT */;
/*!40101 SET CHARACTER_SET_RESULTS=@OLD_CHARACTER_SET_RESULTS */;
/*!40101 SET COLLATION_CONNECTION=@OLD_COLLATION_CONNECTION */;
/*!40111 SET SQL_NOTES=@OLD_SQL_NOTES */;

-- Dump completed on 2025-04-13 19:24:26
